{
	"IcoMoonType": "selection",
	"icons": [
		{
			"icon": {
				"paths": [
					"M469.146 231.219c21.402 20.89 230.502 240.384 230.502 240.384 11.418 11.213 17.152 25.805 17.152 40.397s-5.734 29.184-17.152 40.294c0 0-209.101 219.597-230.502 240.384-21.402 20.89-59.904 22.323-82.688 0-22.835-22.221-24.627-53.299 0-80.589l191.846-200.090-191.846-200.090c-24.627-27.29-22.835-58.419 0-80.691 22.784-22.323 61.286-20.941 82.688 0z"
				],
				"attrs": [],
				"isMulticolor": false,
				"tags": [
					"chevron-right"
				],
				"grid": 20
			},
			"attrs": [],
			"properties": {
				"id": 0,
				"order": 1,
				"prevSize": 20,
				"code": 59648,
				"name": "chevron-right"
			},
			"setIdx": 0,
			"setId": 8,
			"iconIdx": 0
		}
	],
	"height": 1024,
	"metadata": {
		"name": "chevron"
	},
	"preferences": {
		"showGlyphs": true,
		"showCodes": false,
		"showQuickUse": true,
		"showQuickUse2": true,
		"showSVGs": true,
		"fontPref": {
			"prefix": "icon-",
			"metadata": {
				"fontFamily": "chevron",
				"majorVersion": 1,
				"minorVersion": 0
			},
			"metrics": {
				"emSize": 1024,
				"baseline": 6.25,
				"whitespace": 50
			},
			"embed": false,
			"showMetadata": false,
			"showVersion": false,
			"showMetrics": true,
			"showSelector": true
		},
		"imagePref": {
			"prefix": "icon-",
			"png": true,
			"useClassSelector": true,
			"color": 0,
			"bgColor": 16777215
		},
		"historySize": 100,
		"showLiga": true
	}
}